wallet_address,bot_type,confidence,trades,buys,sells,mints_traded,mean_buy_sol,median_hold_sec,mean_cu_price,cluster_size,burst_follow_rate,signature,reasons
2zwgTQB1DkHqoZCD6MAt29CSp6s4qkotV24V6U2sPCmJ,sybil,0.500,4,2,2,2,0.4889,8.6,666666,20,0.000,Sybil cluster (20 wallets) | 0.4889 SOL avg,Funding cluster: 12 wallets
FtTJFYSHtGVsfMDuAUAs488Vw2oZ9MRMQgn3AVsSU8KA,metric_bot,0.547,6,3,3,2,0.1208,54.8,3374931,1,0.333,Metric bot (33% burst-triggered) | 55s hold,Template timing: CV=0.00; Consistent delay: std=0.00s
GAKjtJeQh8gkdtPzDoYZzAZS1GauEvwmHTfPT6GiAEm6,metric_bot,0.507,169,164,5,1,0.0004,118.0,1026,1,0.701,Metric bot (70% burst-triggered) | 118s hold,Burst-triggered: 115/164 buys after bursts
85H5nFpeFeniot9o5HCpUio6mXPi3uhcecBGtXRx939J,early_exit,0.664,18,10,8,6,0.7333,12.3,66666,4,0.000,Early exit | 12s median hold,Quick exits: 12.3s median
EM1bayvyqPqY1ZG5ZVgfDasRQDvEfivaQtmGGjptMKxK,sybil,0.500,12,5,7,5,0.0489,58.1,282419,27,0.000,Sybil cluster (27 wallets) | 0.0489 SOL avg,Funding cluster: 25 wallets
CY7Z9oVW1wgY2hjcfajwD84P4UCD3TbrFqp2w3WzEoxr,sybil,0.569,41,38,3,3,0.0314,136.5,6666666,19,0.000,Sybil cluster (19 wallets) | 0.0314 SOL avg,Funding cluster: 19 wallets; Tight timing: 157ms median gap; Micro-buys: 0.0049 SOL median
96JVP8Rzq7mM1Sk1pN1JKWutrAZWwr7CTc3EBjb7ZxSD,sybil,0.500,5,3,2,2,0.1304,119.6,666666,14,0.000,Sybil cluster (14 wallets) | 0.1304 SOL avg,Funding cluster: 14 wallets
nTCUdbLiqazgkPZjV4reR2G1eMQmeV2KrBXNn7uWpFD,sybil,0.500,6,3,3,4,0.2573,5.9,315000,20,0.000,Sybil cluster (20 wallets) | 0.2573 SOL avg,Funding cluster: 20 wallets
2KNEPVnBjeWXRwjiV7ysovaApWekkkWnTrR7FotYusDH,sybil,0.500,3,2,1,2,0.6844,52.2,562962,20,0.000,Sybil cluster (20 wallets) | 0.6844 SOL avg,Funding cluster: 20 wallets
44DZdaMR4F3hpGFz498jfZxpKMMLARQXVwavxJyfJTGb,sybil,0.500,3,2,1,2,0.2620,52.2,10000,8,0.000,Sybil cluster (8 wallets) | 0.2620 SOL avg,Funding cluster: 8 wallets
8aaRWuPGNP1qoBk7jE9ZRMaUhNnCn1cujjUkv6KoEzVL,metric_bot,0.519,6,4,2,4,0.1328,27.9,35820,1,0.250,Metric bot (25% burst-triggered) | 28s hold,Consistent delay: std=0.00s; Template CU: variance=0
HEj57TqyAC5E6q2hFtN8otW7PPUxLD17i7XESMnyifdC,sybil,0.500,4,2,2,2,0.0978,20.0,66666,75,0.000,Sybil cluster (75 wallets) | 0.0978 SOL avg,Funding cluster: 62 wallets
A345VdmiWvLkiBVc3KW1dxGLs7RL4jHSpZmYXdes4Nee,metric_bot,0.556,5,3,2,3,0.5731,90.6,270666,1,1.000,Metric bot (100% burst-triggered) | 91s hold,Consistent delay: std=0.21s
9KrXKMNwiaE6MBrSX4Jr3BEvL8TecaRS5PedvGxKhcRV,sybil,0.539,8,6,2,1,0.1630,9.9,6666,20,0.000,Sybil cluster (20 wallets) | 0.1630 SOL avg,Funding cluster: 8 wallets; Micro-buys: 0.0001 SOL median
FJiMFk2novN3d8YpHfKiRh6yudEWp8sSCyiYKJgMTn19,sybil,0.500,3,1,2,1,0.1956,27.4,93333,14,0.000,Sybil cluster (14 wallets) | 0.1956 SOL avg,Funding cluster: 9 wallets
8Wcs3254ZmX39TrECe4o3x6bPxz6iSc2np6UKkUucLct,sybil,0.500,6,2,4,3,0.7333,30.2,2905395,21,0.000,Sybil cluster (21 wallets) | 0.7333 SOL avg,Funding cluster: 21 wallets
HMBuNy27vRxMb8JzjFCfenAvv9LvZNnecTssHEYPFQE3,sybil,0.500,8,4,4,2,0.7836,25.6,4032342,28,0.000,Sybil cluster (28 wallets) | 0.7836 SOL avg,Funding cluster: 11 wallets
HJvhNn97MGi8eqF7vmcvB5bCnmZ2sncbTA8FTCofU1UJ,sybil,0.500,10,7,3,1,0.4190,74.5,6666666,30,0.000,Sybil cluster (30 wallets) | 0.4190 SOL avg,Funding cluster: 25 wallets
6HkoC9G8im2c9nkHk1fpXwEWFThSMNrHsc8r72MKDeDy,sybil,0.500,4,4,0,2,0.1142,0.0,1000000,21,0.000,Sybil cluster (21 wallets) | 0.1142 SOL avg,Funding cluster: 21 wallets
FoP6Mzg6SKYd8HGagbBBH84yzdZaXfnuFXHjQw9b9X1R,metric_bot,0.602,7,5,2,1,0.0068,37.8,66666,1,1.000,Metric bot (100% burst-triggered) | 38s hold,Burst-triggered: 5/5 buys after bursts; Template timing: CV=0.11; Template CU: variance=0
9NSprJSWA4XjfZhw7YucLBomWKyA2fhTrPRug6ZAYJcB,sybil,0.500,9,5,4,5,0.0974,15.8,561816,25,0.000,Sybil cluster (25 wallets) | 0.0974 SOL avg,Funding cluster: 25 wallets
46iaV6bdqCzbrE65unWjzMypwsmp8gWWz25DmSVRgA11,metric_bot,0.505,6,4,2,4,0.2139,58.7,100000,1,0.250,Metric bot (25% burst-triggered) | 59s hold,Consistent delay: std=0.00s; Template CU: variance=0
91GQVm1eDD2BBrd64tPv2gLeCH9J3w6BnfrJ2c8TB4dv,early_exit,0.659,16,12,4,4,0.1909,33.3,1000000,1,0.000,Early exit | 33s median hold,Prediction accuracy: 100.0%
5rxjtTmv1e7WrS8BSaRijVYGAD2ZZpDVb64YDyWrSFj6,deployer,1.000,2,1,1,1,0.0988,85.6,607341,1,0.000,Deployer (1 tokens),Created 1 token(s)
6cFoqnyzGRXU6mwcmZ5aBf1jX9zKbi9y1hEeudKywWwB,metric_bot,0.503,10,7,3,3,0.0514,70.2,1000000,1,0.286,Metric bot (29% burst-triggered) | 70s hold,Consistent delay: std=0.05s; Template CU: variance=0
kqWtSdMrbq4rRYTh92UE254EbhZ8pVqQUYiEG7CeQHo,sybil,0.500,3,2,1,3,0.0500,0.0,333333,22,0.000,Sybil cluster (22 wallets) | 0.0500 SOL avg,Funding cluster: 22 wallets
Hzqgih883Sms5Bd3ymf1aeUiUMfRg8gyc7372ryaAr4K,sybil,0.500,4,2,2,1,0.0489,113.3,3666666,64,0.000,Sybil cluster (64 wallets) | 0.0489 SOL avg,Funding cluster: 41 wallets
6fQQ11mFDykhd1yC6Q8KMu7FjfGCGKNLUksBEbwUiKmi,deployer,1.000,4,2,2,2,1.5481,12.5,2166666,4,0.000,Deployer (2 tokens),Created 1 token(s)
Bcgk712taKC8yhFgQM3jHaUWcD89E3e56ibFiv4Vqjvd,sybil,0.500,14,7,7,2,0.9282,20.4,833333,19,0.000,Sybil cluster (19 wallets) | 0.9282 SOL avg,Funding cluster: 19 wallets
CaK3ZyqB1YfaFtfcoczYuWk76d43UmQ6qPhqfSn88NNa,sybil,0.500,12,5,7,2,0.9722,13.0,805555,27,0.000,Sybil cluster (27 wallets) | 0.9722 SOL avg,Funding cluster: 27 wallets
FcJPAtfHi9VEkYwKCia4aP94UGajnCf6y7GDHG7tbhmP,early_exit,0.650,18,0,18,1,0.0000,0.0,500000,1,0.000,Early exit | 0s median hold,
BmMinLCdpP53viqJXwuGxcUgp8FRG95MRMteeVtGUpwv,metric_bot,0.501,6,4,2,3,0.0375,139.0,416093,1,0.250,Metric bot (25% burst-triggered) | 139s hold,Consistent delay: std=0.00s
6t56z41VhqQPWMdkrxSjoUcupG6VVRkhkiukKzQ664hM,sybil,0.512,13,6,7,2,0.7901,19.1,820512,20,0.000,Sybil cluster (20 wallets) | 0.7901 SOL avg,Funding cluster: 20 wallets
56S29mZ3wqvw8hATuUUFqKhGcSGYFASRRFNT38W8q7G3,metric_bot,0.516,14,8,6,5,0.4963,21.6,1026969,1,0.125,Metric bot (12% burst-triggered) | 22s hold,Consistent delay: std=0.00s; Template CU: variance=0; Fast flips: 21.6s median hold
kEFiAX3jo5NmemysQov342TZ9mGh6yp92GDRjhA8XDf,metric_bot,0.537,12,6,6,3,0.8081,38.6,2500000,1,0.667,Metric bot (67% burst-triggered) | 39s hold,Template CU: variance=0
8yAEstmEGXMN8nsMqHLzmxMPUUf6m4cptBNHr9Uo2yUs,metric_bot,0.513,7,4,3,2,0.2677,17.6,666666,1,0.500,Metric bot (50% burst-triggered) | 18s hold,
4Su4HM6svo4AVzV6zZhUPazhm2e2ESu3vaAVsccZJfeg,deployer,1.000,2,1,1,1,0.6914,14.9,6666666,1,0.000,Deployer (1 tokens),Created 1 token(s)
5TeibrGC46yJQzx1wUMxFbbMTkfRD6cBNJzh2n2nNvrM,sybil,0.500,3,2,1,2,0.9880,2.3,12006226,26,0.000,Sybil cluster (26 wallets) | 0.9880 SOL avg,Funding cluster: 26 wallets
GNNsb3CANgApLTg9r7Z1dS4bBersAGDBEBZNTNiVyNuG,sybil,0.500,6,3,3,3,0.9455,1.6,11544000,26,0.000,Sybil cluster (26 wallets) | 0.9455 SOL avg,Funding cluster: 22 wallets
H6tK1ihy1Gx34X6AJ3FCeRMYkzNeaV8cFX66QGfkL14G,sybil,0.500,3,2,1,2,0.2013,3.8,410000,26,0.000,Sybil cluster (26 wallets) | 0.2013 SOL avg,Funding cluster: 26 wallets
DMT2SPppfsuRKNGp6ZmdZeNynU76hs73YgZC9DHDm2ND,sybil,0.500,5,3,2,2,0.7822,5.0,6666666,21,0.000,Sybil cluster (21 wallets) | 0.7822 SOL avg,Funding cluster: 19 wallets
4eT9SVf3PxYdpFJKrEFnSJKzup8Mfk6WDkKgGwf7dhqo,sybil,0.500,7,4,3,1,0.2256,137.0,6666666,57,0.000,Sybil cluster (57 wallets) | 0.2256 SOL avg,Funding cluster: 57 wallets
9NH2swocWve9zgx8jQkXxbf7YSbNoeEdmkuyv85y1FUB,sybil,0.500,7,4,3,1,0.2144,137.0,6666666,28,0.000,Sybil cluster (28 wallets) | 0.2144 SOL avg,Funding cluster: 28 wallets
CqKHmBrmw8aRbvQxeuu7BGvak8KfNthmDPEMerFUcbay,sybil,0.519,4,2,2,1,0.0100,31.5,66667,14,0.000,Sybil cluster (14 wallets) | 0.0100 SOL avg,Funding cluster: 14 wallets; Micro-buys: 0.0100 SOL median
2DkmXzEfkpuPqrvCoYknmqxE5yJwZtM1Uc3fWjvVxd4y,deployer,1.000,3,2,1,2,0.0418,72.6,700000,1,0.000,Deployer (2 tokens),Created 1 token(s)
FHuBX9VSXUonPmK3H7BtxRt6kdcE1ik5bwGp42Z8Ey1q,sybil,0.500,3,1,2,2,0.0472,259.5,334948,65,0.000,Sybil cluster (65 wallets) | 0.0472 SOL avg,Funding cluster: 65 wallets
CwnaYvht7GNZwmNYA6ikQhjPhi7ZYdYh9cxUy4KYFv6E,sybil,0.500,3,1,2,2,0.1956,21.2,266666,67,0.000,Sybil cluster (67 wallets) | 0.1956 SOL avg,Funding cluster: 67 wallets
4P14tPuYBEGtYzze3V6b4yHep5dEaroS3cY4ayVwf4q1,sybil,0.500,4,3,1,1,0.1231,75.5,6427288,80,0.000,Sybil cluster (80 wallets) | 0.1231 SOL avg,Funding cluster: 80 wallets
2rzxgeAuTYbmzuHMoq6ngQBMWYZp6n4i4QbZa7nhvifQ,deployer,1.000,3,1,2,1,2.4691,1.3,6666666,4,0.000,Deployer (1 tokens),Created 1 token(s)
5N9jDtqtKDzcjPztdNfTWzzKh646gzATzg7QjHTbMufW,deployer,1.000,2,1,1,1,1.0000,1.7,2827777,4,0.000,Deployer (1 tokens),Created 1 token(s)
2E9LJpf7eyEogngbYqSYXaCYxJypkVR391BF9ibMBeAu,sybil,0.500,4,1,3,2,0.7333,20.1,833332,21,0.000,Sybil cluster (21 wallets) | 0.7333 SOL avg,Funding cluster: 21 wallets
GQY7Yqd6DnVcUrx1dE4t9rbkp9kGmhJNx3r9a8BQc5cn,sybil,0.523,4,4,0,2,0.0068,0.0,1000000,21,0.000,Sybil cluster (21 wallets) | 0.0068 SOL avg,Funding cluster: 21 wallets; Micro-buys: 0.0079 SOL median
48dsnB4Yf1VwRDPUWXUdVok8gqWkRxdjpBSHB5jd1jtW,deployer,1.000,3,1,2,1,2.9630,4.7,2226666,1,0.000,Deployer (1 tokens),Created 1 token(s)
7QZmQxSDNYsd6Kv8NHMUJVWS6a2NKSQ61uUntMYMiACU,metric_bot,0.513,5,2,3,1,1.2222,92.4,6893503,1,0.500,Metric bot (50% burst-triggered) | 92s hold,Consistent delay: std=0.00s
64aPpo4Rp8tkhB22qTo1wGuBhSA8wFwzc7RBbJCc6WS,metric_bot,0.505,13,8,5,4,0.0020,16.9,13210,1,0.500,Metric bot (50% burst-triggered) | 17s hold,Fast flips: 16.9s median hold
Hd5bwcjmXhBoUrqaV65G3hyJbsHqNDn7wA4mTrhjTD5E,metric_bot,0.561,7,3,4,3,0.1238,4.9,136043,1,0.333,Metric bot (33% burst-triggered) | 5s hold,Template timing: CV=0.27; Consistent delay: std=0.00s; Template CU: variance=0
GNywqatyhUaobH9NCbHw6p56ituvc3vy2W4cS7BrjZoB,sybil,0.500,3,1,2,2,0.1476,43.5,1000000,77,0.000,Sybil cluster (77 wallets) | 0.1476 SOL avg,Funding cluster: 77 wallets
6gdfXzQdEdLrYivZSWnip98s6arjHt5m1KUPCqvw9vWF,metric_bot,0.599,7,3,4,3,0.1038,4.8,333333,1,1.000,Metric bot (100% burst-triggered) | 5s hold,Template timing: CV=0.27; Template CU: variance=0; Fast flips: 4.8s median hold
6qYUZDK8W3U3r18cGyBa9y4uf6hk4hmWaJAYiCxpZAy4,metric_bot,0.549,9,7,2,1,0.1060,60.4,666666,1,1.000,Metric bot (100% burst-triggered) | 60s hold,Burst-triggered: 7/7 buys after bursts; Template CU: variance=0
34ZEH778zL8ctkLwxxERLX5ZnUu6MuFyX9CWrs8kucMw,sybil,0.500,3,2,1,2,0.5378,53.1,16666666,76,0.000,Sybil cluster (76 wallets) | 0.5378 SOL avg,Funding cluster: 54 wallets
8yAuEhJV1w6Qyecok3haZrurUrMhfLhDdfyc5UvzxEU4,deployer,1.000,2,1,1,1,0.4938,10.8,7499999,1,0.000,Deployer (1 tokens),Created 1 token(s)
7VfwmDjupqmU6zCaa8rT5PahhiZC7bwzT2Tn9YqkYcLx,sybil,0.500,4,2,2,1,0.0220,67.3,66666,20,0.000,Sybil cluster (20 wallets) | 0.0220 SOL avg,Funding cluster: 12 wallets
9roL14YmDE1A7VXuPwdyXfyteDujrFxDj144QjCdfia7,sybil,0.528,5,3,2,3,0.0057,65.3,0,8,0.000,Sybil cluster (8 wallets) | 0.0057 SOL avg,Funding cluster: 8 wallets; Micro-buys: 0.0049 SOL median
Anf4j2jSm8G2XVos31kTajjuw27YzCJqXhBEsomgp36K,metric_bot,0.597,6,3,3,3,0.0387,76.5,2730228,1,0.667,Metric bot (67% burst-triggered) | 77s hold,Template timing: CV=0.07; Consistent delay: std=0.12s
2Ca1mp7ZLo9tRKWVNJQm5tGZSc5Z1nwtSPmWCuPBAyoo,metric_bot,0.532,9,5,4,4,0.2332,24.5,8333333,1,0.600,Metric bot (60% burst-triggered) | 25s hold,Template CU: variance=0; Fast flips: 24.5s median hold
EdPq5isukcCgZmprq5uq8Us7J2MoEETrJpGEsKMr5js,deployer,1.000,1,1,0,1,0.0168,0.0,100000,4,0.000,Deployer (1 tokens),Created 1 token(s)
7mfvUV7ZdJoNLMs72VCW6FGPNhwRw9nogaHYMt6JBHSs,deployer,1.000,4,2,2,3,0.0950,85.1,7167525,1,0.000,Deployer (3 tokens),Created 2 token(s)
EkVcAha6uAk8ucSmzEMze6ohQJrBe88QxGWptMrDsGab,sybil,0.500,4,3,1,2,0.0642,46.4,1000000,34,0.000,Sybil cluster (34 wallets) | 0.0642 SOL avg,Funding cluster: 12 wallets
J96o1pN4yB28akDq4pP1DDNuzNQhk3RcB6irMzi6SBNy,sybil,0.500,4,2,2,2,0.0538,105.9,3666666,77,0.000,Sybil cluster (77 wallets) | 0.0538 SOL avg,Funding cluster: 77 wallets
5Dw4Sa79B6Pey4yy9Up6bgvA9HUdAaTvyqquY74eidm6,sybil,0.500,3,2,1,1,0.2730,0.0,336666,16,0.000,Sybil cluster (16 wallets) | 0.2730 SOL avg,Funding cluster: 12 wallets
2onVbtW3FYV9Zf2y47aFR8RpKwMQnfuH6dMSY5KyZNPK,deployer,1.000,1,1,0,1,0.4440,0.0,100000,1,0.000,Deployer (1 tokens),Created 1 token(s)
DUxnUk2o2sQ1iiKHJ3ZQ2o8mHQ28thbykn2YC88GKMCV,metric_bot,0.515,8,2,6,1,0.0489,19.8,2166,1,0.500,Metric bot (50% burst-triggered) | 20s hold,Consistent delay: std=0.00s; Fast flips: 19.8s median hold
82EzV8KurJjK51aRgj9c8Ny2e8iPpTqJkDnNYgwYzQGj,sybil,0.500,6,3,3,1,0.2302,92.0,7606415,33,0.000,Sybil cluster (33 wallets) | 0.2302 SOL avg,Funding cluster: 26 wallets
5L7MGf6hZCixBDiXt71rQa8Y7vhJpNAMypCwDfGFNSGH,metric_bot,0.588,5,3,2,4,0.0000,175.0,70000,1,1.000,Metric bot (100% burst-triggered) | 175s hold,Template timing: CV=0.28; Template CU: variance=0
EsAMYMLvug2Zmsai4iKz2YoK35WpuNZaovC1SQHAfJv5,deployer,1.000,3,1,2,1,0.9877,25.8,5888888,34,0.000,Deployer (1 tokens),Created 1 token(s)
2M6QPY1qd77uhmfyUjX7NN3mJveS6dtRZPHTDfkr59St,sybil,0.500,3,2,1,1,0.5182,0.0,6666666,14,0.000,Sybil cluster (14 wallets) | 0.5182 SOL avg,Funding cluster: 11 wallets
HwjTTnn6WW5nRWQqjrMZhPmcQMJVaHNzUd1ftGWceQth,sybil,0.500,4,2,2,3,0.3518,0.0,347197,30,0.000,Sybil cluster (30 wallets) | 0.3518 SOL avg,Funding cluster: 22 wallets
Euev9RHikjj4MufyLTd1C4eisvdTaHQmPXu4Zy1VQQjm,sybil,0.500,8,4,4,1,0.6111,29.0,3666666,66,0.000,Sybil cluster (66 wallets) | 0.6111 SOL avg,Funding cluster: 63 wallets
D5GY4dVaAqPjjfmhq7NwNmuwpwkbLswTExkSfLLQ63xJ,metric_bot,0.524,6,3,3,1,0.0418,170.8,2777776,1,1.000,Metric bot (100% burst-triggered) | 171s hold,
CN9Wuw2kG9A6Jqp78FuUiSamWikCrLMTtiVqWYkdYeAR,metric_bot,0.541,12,9,3,1,0.0456,87.3,666666,1,0.778,Metric bot (78% burst-triggered) | 87s hold,Burst-triggered: 7/9 buys after bursts; Template CU: variance=0
ACudLqbC5JCHyXpohehLCh9fB2w8zY38nou7XnUvzrqM,sybil,0.500,5,0,5,1,0.0000,0.0,700000,17,0.000,Sybil cluster (17 wallets) | 0.0000 SOL avg,Funding cluster: 10 wallets; Micro-buys: 0.0200 SOL median
fAGzqZuYzwAcZTnxws3MzLMkuZJNPob2Y3LKMauwQmA,sybil,0.500,5,0,5,1,0.0000,0.0,1000000,17,0.000,Sybil cluster (17 wallets) | 0.0000 SOL avg,Funding cluster: 10 wallets; Micro-buys: 0.0200 SOL median
AspnoDT2WUyaGNAQsQQ7shbC8eG5i8i8dBqWJYNoucE7,sybil,0.505,5,4,1,1,0.0274,57.9,933332,34,0.000,Sybil cluster (34 wallets) | 0.0274 SOL avg,Funding cluster: 16 wallets; Micro-buys: 0.0174 SOL median
E22MQsUuCeEPsKFJXRQMPXb3hia7NafiLE4SAKQeLVLt,sybil,0.519,5,3,2,2,0.0096,76.6,4772159,66,0.000,Sybil cluster (66 wallets) | 0.0096 SOL avg,Funding cluster: 66 wallets; Micro-buys: 0.0097 SOL median
GnB2joarXjYkMajGTwbf2hxwVyzkaZxen8GZbSVKXrot,metric_bot,0.502,7,7,0,1,0.5011,0.0,8333333,1,0.143,Metric bot (14% burst-triggered) | 0s hold,Consistent delay: std=0.00s; Template CU: variance=0
goYFLf2a3u6j3X8FzNq6EXbBByhcgxqb8f4TMDSpVdo,sybil,0.500,3,1,2,1,0.0978,116.6,666666,62,0.000,Sybil cluster (62 wallets) | 0.0978 SOL avg,Funding cluster: 44 wallets
D9EQFTNm65qkvJHrvsWPtuDNNDfdawxLXRSg87ArMYe2,metric_bot,0.519,7,6,1,1,0.2963,99.9,0,1,0.833,Metric bot (83% burst-triggered) | 100s hold,Burst-triggered: 5/6 buys after bursts
6ZX5UMDAKWvyqivVGtxkv8ZPiAmD8RMrom9tAZEdbUQg,sybil,0.536,3,2,1,2,0.0010,4.4,1333332,55,0.000,Sybil cluster (55 wallets) | 0.0010 SOL avg,Funding cluster: 37 wallets; Micro-buys: 0.0010 SOL median
A2aarMMfV85YVbyK66E4aqni9zXF6Tx9RPUZAoxCsGwX,sybil,0.500,6,4,2,2,0.0538,55.2,1000000,32,0.000,Sybil cluster (32 wallets) | 0.0538 SOL avg,Funding cluster: 23 wallets
Cid3qsMmJMZSzENZA1kPt2jroZFYeXymY5bofg7BHbJJ,metric_bot,0.503,10,10,0,1,0.0053,0.0,351863,1,0.500,Metric bot (50% burst-triggered) | 0s hold,Burst-triggered: 5/10 buys after bursts; Consistent delay: std=0.14s
2spQ9rgLMfU5zryCr4cgWkx4eudkcX2hMVm6c11BXpGo,deployer,1.000,2,1,1,1,1.5000,8.3,61881,30,0.000,Deployer (1 tokens),Created 1 token(s)
9oCtQMihrs6E2kv3ao9SSxJEZNJKZkjmemHZ99SmCUsL,sybil,0.500,5,3,2,3,0.1438,23.8,1022626,29,0.000,Sybil cluster (29 wallets) | 0.1438 SOL avg,Funding cluster: 29 wallets
EWQrQJq2G1pFm7VYeZXRBNFY3sj8iTkbuKFWQTP8xGy,metric_bot,0.537,5,3,2,3,0.0489,4.9,402666,1,0.667,Metric bot (67% burst-triggered) | 5s hold,Fast flips: 4.9s median hold
Cnx2N7duye2gLmm5qhUEdjmwzU4FQ9u4p6Rbzof6xyGQ,sybil,0.500,7,4,3,4,0.2444,10.4,409523,27,0.000,Sybil cluster (27 wallets) | 0.2444 SOL avg,Funding cluster: 26 wallets
2J5827wzy2ZbtmwWQWGUxdbWVyc7rD8id6RaAphSqdjs,metric_bot,0.513,7,4,3,1,0.1467,28.1,8952380,1,0.750,Metric bot (75% burst-triggered) | 28s hold,
7GpQkjiAd1wTyK1y9W14zWEBw275Y9kvjBFgg8ZNJLw5,metric_bot,0.569,6,3,3,3,0.5000,1.1,280000,1,1.000,Metric bot (100% burst-triggered) | 1s hold,Template timing: CV=0.37; Fast flips: 1.1s median hold
5WaQu3FFSk6H1FrQCEU3ChzTfiZaStpwgjqhTWHK6FuJ,metric_bot,0.504,53,53,0,1,0.0120,0.0,500000,1,0.623,Metric bot (62% burst-triggered) | 0s hold,Burst-triggered: 33/53 buys after bursts
AvfAuKZVoMYjZ4CdtwJXehPBz7xxwrLu6Z6UVox2SW4E,deployer,1.000,2,1,1,1,0.0198,22.8,999999,1,0.000,Deployer (1 tokens),Created 1 token(s)
C9DvCo5YejYy1xKeVxuJDpeoLGNnZ3FJR8rJFxKNtLKk,metric_bot,0.561,8,4,4,4,0.0010,35.0,66666,1,0.500,Metric bot (50% burst-triggered) | 35s hold,Template timing: CV=0.13; Template CU: variance=0
J46LevB9Yfx5J4TYu3d2jHR2YH2SSeDBcNizg6YXJFx8,deployer,1.000,1,1,0,1,0.0000,0.0,100000,1,0.000,Deployer (1 tokens),Created 1 token(s)
CD6LvTkuY4YJdbNGGxmaZNoX7ADhCPTEPxV8ptz21eN3,metric_bot,0.512,5,5,0,1,0.0141,0.0,1000000,1,0.600,Metric bot (60% burst-triggered) | 0s hold,Template CU: variance=0
3YoMYgpV4sjBTorfyK29zmpAhbw2X44Anff6vCaK5abt,deployer,1.000,2,1,1,1,2.0000,17.1,42500,1,0.000,Deployer (1 tokens),Created 1 token(s)
GV7WeHgQP6i3LY4dWZWNekycHhsrFS6wAx16vapL3zdG,deployer,1.000,1,1,0,1,0.0001,0.0,500000,1,0.000,Deployer (1 tokens),Created 1 token(s)
62N1K57D37AUDGp68tnDYKPjGDsaAAtmo357nBtEtuR,deployer,1.000,2,1,1,1,0.0988,5.8,4666666,1,0.000,Deployer (1 tokens),Created 1 token(s)
2NkiYGxqRaJfKUTWaL1zxZmNWUBvDtsNpw9nYcemcYsZ,deployer,1.000,2,1,1,1,0.0099,3.3,811654,1,0.000,Deployer (1 tokens),Created 1 token(s)
8jTWa6pHmbgPjCMdwJKaTfit2dzoByCBHUYGStBvrtzT,metric_bot,0.511,13,9,4,1,0.9859,1.7,555555,1,0.333,Metric bot (33% burst-triggered) | 2s hold,Consistent delay: std=0.13s; Template CU: variance=0; Fast flips: 1.7s median hold
4knoaQihAToUmJPArJ3DECd2i7BeFY8HV4H4Pc8ZjQ9r,metric_bot,0.545,5,2,3,1,1.2418,10.4,555555,1,0.500,Metric bot (50% burst-triggered) | 10s hold,Consistent delay: std=0.00s; Template CU: variance=0; Fast flips: 10.4s median hold
3p9CKfGqFdvS3txxVdqNkDpVyLfNDQNM3eY93MVkx7CR,metric_bot,0.504,8,6,2,1,0.5431,29.6,555555,1,0.333,Metric bot (33% burst-triggered) | 30s hold,
9tgXzyHhXbD6pabiiK8iLt89oxFhwhka9YY8Hcbrur36,deployer,1.000,2,1,1,1,0.0889,80.8,4666666,1,0.000,Deployer (1 tokens),Created 1 token(s)
AK2REskdg86rUYiBS7Weoi6uQ9VWsNcLT6d81oUdu9z2,metric_bot,0.534,8,6,2,1,0.2798,7.1,555555,1,0.500,Metric bot (50% burst-triggered) | 7s hold,Consistent delay: std=0.16s; Template CU: variance=0; Fast flips: 7.1s median hold
37qAWjajSZYBhtJoZdvekPVREF7EGxRFKzFjyEz7pDZz,deployer,1.000,1,1,0,1,0.0000,0.0,1000000,1,0.000,Deployer (1 tokens),Created 1 token(s)
Gq1RQQcvbZu9Ud2wVRy6Krh9RsS1ZYbLBsBuMuvCgyRU,metric_bot,0.548,6,5,1,1,0.4889,16.2,836750,1,0.800,Metric bot (80% burst-triggered) | 16s hold,Consistent delay: std=0.29s; Fast flips: 16.2s median hold
BBDKcLFY1ru4AozEBydTYzSu6KQ4ZaxZpKhkdKBxfnsS,deployer,1.000,2,2,0,1,0.0064,0.0,550000,1,0.000,Deployer (1 tokens),Created 1 token(s)
DKvrQK9zEaXYVqJfEYLs5Xg3RCa4Waz8C5d2aJ1ZRy1S,deployer,1.000,1,1,0,1,0.0494,0.0,1000000,1,0.000,Deployer (1 tokens),Created 1 token(s)
2gs2Rrk8hxCZc7quvZkgufR1J97mtVFQ2CSEvBJEc2fH,deployer,1.000,1,1,0,1,1.4815,0.0,500000,1,0.000,Deployer (1 tokens),Created 1 token(s)
5jHUeKkLH5E6ghLBtZFWriwp9MxgWeH6AmTWtu5bvyGC,deployer,1.000,2,1,1,1,0.0988,13.6,4666666,1,0.000,Deployer (1 tokens),Created 1 token(s)
2WV49HCw8VofT4vtepAV47WPWwoYPTjLw6Vqh1BmzHkn,deployer,1.000,2,1,1,1,0.6914,17.1,4666666,1,0.000,Deployer (1 tokens),Created 1 token(s)
A9EvZYsUJkZ4noEcitFTHPVNWEXYQniVJLb5L1d9Axw,deployer,1.000,1,1,0,1,0.8296,0.0,1000000,1,0.000,Deployer (1 tokens),Created 1 token(s)
AUZdBz58TcmHLtXSqoDdJrhjexajB2iipvcRaxKmoo8X,metric_bot,0.585,5,4,1,2,0.0244,17.5,66666,1,0.750,Metric bot (75% burst-triggered) | 18s hold,Consistent delay: std=0.07s; Template CU: variance=0; Fast flips: 17.5s median hold
DsKi6KALKMRfV1kGjMpenzVAfD5mZydJt5W6jVzeXWbG,deployer,1.000,2,1,1,1,1.1852,13.5,4680151,1,0.000,Deployer (1 tokens),Created 1 token(s)
3nunA8UwAXCMdYfk4wmXq9rToQCjgQyXaV1tpqJyVYXW,deployer,1.000,1,1,0,1,0.2963,0.0,1026969,1,0.000,Deployer (1 tokens),Created 1 token(s)
EpuDKcJEKkkmCGDJ5jU1f7AVZybF87NZ8Tv1f2YE9Hzi,deployer,1.000,1,1,0,1,0.0010,0.0,100000,1,0.000,Deployer (1 tokens),Created 1 token(s)
F6oTXVKg4aocvxtp5wGvrwAuSwWoWT4kqJm8xGiXqLdu,deployer,1.000,1,1,0,1,2.9630,0.0,1704788,1,0.000,Deployer (1 tokens),Created 1 token(s)
2C62wMw6Ek2FNMV1FKLSS3uu1iF3fK6pjcMVXTofe1wJ,deployer,1.000,1,1,0,1,0.1386,0.0,1000000,1,0.000,Deployer (1 tokens),Created 1 token(s)
